recipe_id,ingredient_name,amount,unit,is_alcohol,abv_percent
bitters_orange_thielen_style_bitters,Alcohol (93%),500,mL,yes,93
bitters_orange_thielen_style_bitters,"Oranges (peeled, dehydrated)",4,each,no,
bitters_orange_thielen_style_bitters,Allspice,1,tbsp,no,
bitters_orange_thielen_style_bitters,Cloves,1,tbsp,no,
bitters_orange_thielen_style_bitters,Coriander,1,tbsp,no,
bitters_orange_thielen_style_bitters,Cardamom,1,tbsp,no,
cans_fat_golfer,Sweet Tea,7,cups,no,
cans_fat_golfer,Lemonade,5.25,cups,no,
cans_fat_golfer,GNS,164.7,mL,yes,93
cans_mango_collins,Vodka,10,cups,yes,40
cans_mango_collins,Simple Syrup,3.36,cups,no,
cans_mango_collins,Mango Extract,0.48,cups,no,
cans_mango_collins,Lemon Juice,2.24,cups,no,
cans_mango_collins,Water,63.92,cups,no,
cans_grape_popcicle,Cranberry Vodka,11.43,cups,yes,35
cans_grape_popcicle,Simple Syrup,3.36,cups,no,
cans_grape_popcicle,Grape Extract,0.96,cups,no,
cans_grape_popcicle,Lemon Juice,2.24,cups,no,
cans_grape_popcicle,Water,62.01,cups,no,
cans_fresh_kosh,Gin,10,cups,yes,40
cans_fresh_kosh,Grapefruit-Lime Mix,0.96,cups,no,
cans_fresh_kosh,Simple Syrup,3.36,cups,no,
cans_fresh_kosh,Water,65.68,cups,no,
cans_cherry_limeade,Cherry Vodka,11.43,cups,yes,35
cans_cherry_limeade,Simple Syrup,3.36,cups,no,
cans_cherry_limeade,Cherry Extract,0.96,cups,no,
cans_cherry_limeade,Lime Juice,2.24,cups,no,
cans_cherry_limeade,Water,62.01,cups,no,
cans_blackberry_hard_seltzer,Blackberry Vodka,1.3,gal,yes,40
cans_blackberry_hard_seltzer,Lemon Juice,1,cups,no,
cans_blackberry_hard_seltzer,Sugar,1,cups,no,
cans_blackberry_hard_seltzer,Water,8.6,gal,no,
cans_raspberry_lemonade,Raspberry Vodka,1.3,gal,yes,40
cans_raspberry_lemonade,Lemon Juice,10,cups,no,
cans_raspberry_lemonade,Sugar,10,cups,no,
cans_raspberry_lemonade,Water,8.1,gal,no,
cans_nitro_espresso_martini,Ingredients not yet documented in this system,,,no,
cans_blu_vodka_seltzer,Vodka,240,oz,yes,40
cans_blu_vodka_seltzer,Blueberry,36,oz,no,
cans_blu_vodka_seltzer,Lemon,54,oz,no,
cans_blu_vodka_seltzer,Water,1590,oz,no,
cans_blu_vodka_seltzer,Potassium Sorbate,10,tsp,no,
cans_brandy_sour_old_fashioned,Apple Brandy,34.85,cups,yes,40
cans_brandy_sour_old_fashioned,Simple Syrup,9.96,cups,no,
cans_brandy_sour_old_fashioned,Lemon Juice,9.96,cups,no,
cans_brandy_sour_old_fashioned,Lime Juice,4.98,cups,no,
cans_brandy_sour_old_fashioned,OJ,4.98,cups,no,
cans_brandy_sour_old_fashioned,Grenadine,4.98,cups,no,
cans_brandy_sour_old_fashioned,Water,9.69,cups,no,
cans_brandy_sour_old_fashioned,Bitters,0.6,cups,no,
cans_apple_smash_spritz,Apple Brandy,16.0,cups,yes,40
cans_apple_smash_spritz,Apple Pie Liqueur,16.0,cups,no,
cans_apple_smash_spritz,Caramel Syrup,5.33,cups,no,
cans_apple_smash_spritz,Water,42.67,cups,no,
cans_margarita,Osh-Gave Agave Spirit,28.22,cups,yes,40
cans_margarita,Triple Sec,9.41,cups,yes,20
cans_margarita,Lime Juice,9.41,cups,no,
cans_margarita,Lemon Juice,14.11,cups,no,
cans_margarita,Simple Syrup,4.7,cups,no,
cans_margarita,Water,14.15,cups,no,
cans_cold_brew_martini,Cold Brew Vodka,65.0,cups,yes,40
cans_cold_brew_martini,Simple Syrup,15.0,cups,no,
cans_lavender_gin_tonic,Lavender Gin,19.35,cups,yes,40
cans_lavender_gin_tonic,Tonic Syrup,2.58,cups,no,
cans_lavender_gin_tonic,Water,58.07,cups,no,
cans_lemon_seltzer,Vodka,9.99,cups,yes,40
cans_lemon_seltzer,Lemon Juice,3.33,cups,no,
cans_lemon_seltzer,Simple Syrup,1.67,cups,no,
cans_lemon_seltzer,Water,65.01,cups,no,
cans_blueberry_lemon_seltzer,Vodka,9.99,cups,yes,40
cans_blueberry_lemon_seltzer,Lemon Juice,3.33,cups,no,
cans_blueberry_lemon_seltzer,Blueberry Syrup,3.33,cups,no,
cans_blueberry_lemon_seltzer,Water,63.35,cups,no,
distilled_spirit,Ingredients not yet documented in this system,,,no,
agave_osh_gave,Agave Spirits,,,no,
agave_cucumber,Ingredients not yet documented in this system,,,no,
agave_cucumber_jalapeno,Ingredients not yet documented in this system,,,no,
agave_jalapeno,Jalapeno Flavored Agave Spirits,,,no,
agave_raspberry,Ingredients not yet documented in this system,,,no,
agave_habanero_lime,Ingredients not yet documented in this system,,,no,
agave_resposado_aged,Ingredients not yet documented in this system,,,no,
aquavit_aquavit,Vodka,750,mL,yes,40
aquavit_aquavit,Dried Dill,1,tsp,no,
aquavit_aquavit,Star Anise,2,each,no,
aquavit_aquavit,Wild Fennel Pollen,1,tsp,no,
aquavit_aquavit,Celery Seed,0.67,tsp,no,
aquavit_aquavit,Dried Lemon Peel,1,tsp,no,
aquavit_aquavit,Peeled Cucumber Slices,100,g,no,
aquavit_aquavit_swedish,Ingredients not yet documented in this system,,,no,
distilled_spirit_vixen_stout,distilled specialty spirit,,,no,
distilled_spirit_fifth_ward_spirit,Ingredients not yet documented in this system,,,no,
distilled_spirit_rhubarb,Ingredients not yet documented in this system,,,no,
brandy_apple_brandy,Apple Brandy,,,no,
brandy_ziegler_wine,Ingredients not yet documented in this system,,,no,
gin_original,Made from 100% Grain,,,no,
gin_blood_orange,Gin,750,mL,yes,40
gin_blood_orange,Blood Orange Extract,2,mL,no,
gin_blueberry,Gin with Blueberries,,,no,
gin_caravan,Ingredients not yet documented in this system,,,no,
gin_caravan_2,Ingredients not yet documented in this system,,,no,
gin_cucumber_rosemary,Ingredients not yet documented in this system,,,no,
gin_elderberry,Ingredients not yet documented in this system,,,no,
gin_grapefruit,Ingredients not yet documented in this system,,,no,
gin_key_lime,Gin/Vodka base,750,mL,yes,40
gin_key_lime,Key Limes,1,lb,no,
gin_lavender,Gin,750,mL,yes,40
gin_lavender,Lavender,0.25,cups,no,
gin_mushroom,Gin,1500,mL,yes,40
gin_mushroom,Dried Button Mushrooms,0.33,cups,no,
gin_orange,Ingredients not yet documented in this system,,,no,
gin_butterfly_pea_blossom,Gin,5,gal,yes,40
gin_butterfly_pea_blossom,Butterfly Pea Blossoms,3,cups,no,
gin_plum,Gin with Plums,,,no,
gin_rhubarb,Gin,600,mL,yes,40
gin_rhubarb,Rhubarb Stalks,400,g,no,
gin_rhubarb,Sugar,655,g,no,
gin_rosemary_basil,Gin with Rosemary and Basil,,,no,
gin_giamatta_pepper,Ingredients not yet documented in this system,,,no,
gin_sloe,Ingredients not yet documented in this system,,,no,
gin_sage,Gin,750,mL,yes,40
gin_sage,Sage (qty not legible),1,each,no,
gin_spitfire,Ingredients not yet documented in this system,,,no,
gin_thyme,Ingredients not yet documented in this system,,,no,
liqueur_amaretto,Water,1.5,cups,no,
liqueur_amaretto,Sugar,1,cups,no,
liqueur_amaretto,Dark Brown Sugar,0.33,cups,no,
liqueur_amaretto,Almond Extract,2,tbsp,no,
liqueur_amaretto,Vanilla Extract,3,tbsp,no,
liqueur_amaretto,Vodka,2,cups,yes,40
liqueur_apple_pie,Apple Cider,1,qt,no,
liqueur_apple_pie,Apple Juice,1,qt,no,
liqueur_apple_pie,Sugar,3,cups,no,
liqueur_apple_pie,Cinnamon Sticks,8,each,no,
liqueur_apple_pie,GNS,1,qt,yes,93
liqueur_aperol,Vodka,300,mL,yes,40
liqueur_aperol,Water,300,mL,no,
liqueur_aperol,Orange Peels,3,each,no,
liqueur_aperol,Bitter Orange Peel,3,tbsp,no,
liqueur_aperol,Sugar,300,g,no,
liqueur_blue_cura_ao,Vodka,1000,mL,yes,40
liqueur_blue_cura_ao,Gin,1000,mL,yes,40
liqueur_blue_cura_ao,Orange Zest,12,each,no,
liqueur_blue_cura_ao,Dried Bitter Orange Peel,4,tbsp,no,
liqueur_blue_cura_ao,Cloves,32,each,no,
liqueur_blue_cura_ao,Sugar,8,cups,no,
liqueur_blue_cura_ao,Water,6,cups,no,
liqueur_campari,Alcohol (93%),1000,mL,yes,93
liqueur_campari,Gentian Root,30,g,no,
liqueur_campari,Dried Lemon Peel,20,g,no,
liqueur_campari,Rhubarb Root,20,g,no,
liqueur_campari,Angelica Root,15,g,no,
liqueur_campari,Wormwood,10,g,no,
liqueur_campari,Dried Ginseng Root,10,g,no,
liqueur_campari,Cherry Bark,10,g,no,
liqueur_campari,Orange Peel,1,each,no,
liqueur_campari,Grapefruit Peel,1,each,no,
liqueur_campari,Finishing Sugar,2.5,cups,no,
liqueur_campari,Finishing Water,4,cups,no,
liqueur_chocolate,Cocoa Powder,0.25,cups,no,
liqueur_chocolate,Water,2,cups,no,
liqueur_chocolate,Sugar,1,cups,no,
liqueur_chocolate,Vodka (60%),1,cups,yes,60
liqueur_coffee,Instant Coffee,12,oz,no,
liqueur_coffee,Sugar,10,lb,no,
liqueur_coffee,Vanilla Syrup,0.25,cups,no,
liqueur_coffee,Hot Water,24,cups,no,
liqueur_coffee,Alcohol (60%),27,cups,yes,60
liqueur_coquito,Alcohol (93%),1000,mL,yes,93
liqueur_coquito,Evaporated Milk,12,oz,no,
liqueur_coquito,Cream of Coconut,15,oz,no,
liqueur_coquito,Sweetened Condensed Milk,14,oz,no,
liqueur_coquito,Unsweetened Coconut Milk,13.5,oz,no,
liqueur_coquito,Water,8,cups,no,
liqueur_creme_de_menthe,Mint Leaves,3,cups,no,
liqueur_creme_de_menthe,Vodka,3,cups,yes,40
liqueur_creme_de_menthe,Sugar,3,cups,no,
liqueur_creme_de_menthe,Water,4,cups,no,
liqueur_elderflower,Ingredients not yet documented in this system,,,no,
liqueur_honey,Ingredients not yet documented in this system,,,no,
liqueur_irish_cream,Half & Half,1,cups,no,
liqueur_irish_cream,Sweetened Condensed Milk,14,oz,no,
liqueur_irish_cream,Chocolate Syrup,3,tbsp,no,
liqueur_irish_cream,Instant Coffee,1.5,tsp,no,
liqueur_irish_cream,Vanilla Extract,1,tsp,no,
liqueur_irish_cream,Irish Whiskey,375,mL,yes,40
liqueur_limoncello,Vodka or GNS,750,mL,yes,40
liqueur_limoncello,Lemon Peels,10,each,no,
liqueur_limoncello,Water,3.5,cups,no,
liqueur_limoncello,Sugar,2.5,cups,no,
liqueur_limoncello_max,Ingredients not yet documented in this system,,,no,
liqueur_maraschino,Vodka,1750,mL,yes,40
liqueur_maraschino,Dark Pitted Cherries,4,cups,no,
liqueur_maraschino,Sugar,2,cups,no,
liqueur_melon,Ingredients not yet documented in this system,,,no,
liqueur_pumpkin_spice,Vodka base,1,gal,yes,40
liqueur_pumpkin_spice,Pumpkin Spice Blend,1,batch,no,
liqueur_rhubarb,Ingredients not yet documented in this system,,,no,
liqueur_root_beer,Ingredients not yet documented in this system,,,no,
liqueur_strawberry_rhubarb,Hand Crafted,,,no,
liqueur_triple_sec,Vodka,750,mL,yes,40
liqueur_triple_sec,Fresh Orange Juice,2,cups,no,
liqueur_triple_sec,Sugar,3,cups,no,
liqueur_triple_sec,Water,1,cups,no,
liqueur_violet,GNS,1,cups,yes,93
liqueur_violet,Violets,2,oz,no,
liqueur_violet,Sugar,2,cups,no,
liqueur_violet,Water,4,cups,no,
liqueur_chocolate_zucchini,Ingredients not yet documented in this system,,,no,
liqueur_mocha,Chocolate Mix (no alcohol),4,cups,no,
liqueur_mocha,Cold Brew Concentrate,3,cups,no,
liqueur,Ingredients not yet documented in this system,,,no,
rum_original_750ml,Hand-Crafted,,,no,
rum_banana,Rum with Banana Flavor,,,no,
rum_barrel_aged,Ingredients not yet documented in this system,,,no,
rum_chai,Ingredients not yet documented in this system,,,no,
rum_cherry,Ingredients not yet documented in this system,,,no,
rum_coconut,Rum,750,mL,yes,40
rum_coconut,Coconut Extract,5,mL,no,
rum_grape,Ingredients not yet documented in this system,,,no,
rum_hellcat,Ingredients not yet documented in this system,,,no,
rum_lemon,Ingredients not yet documented in this system,,,no,
rum_mango,Ingredients not yet documented in this system,,,no,
rum_pineapple,Rum,750,mL,yes,40
rum_pineapple,Pineapple Extract (Amoretti or Northwest Extracts),4,mL,no,
rum_spiced,Ingredients not yet documented in this system,,,no,
vermouth_dry,Alcohol (93%),4,tbsp,yes,93
vermouth_dry,Sparkling Grape Juice,4,cups,no,
vermouth_dry,Coriander,1,tsp,no,
vermouth_dry,Chamomile,0.5,tsp,no,
vermouth_dry,Fennel Seed,0.5,tsp,no,
vermouth_dry,Nigella Seed,0.5,tsp,no,
vermouth_dry,Sage Leaves,5,each,no,
vermouth_dry,Allspice Berries,2,each,no,
vermouth_dry,Orange Zest,0.5,each,no,
vermouth_dry,Lemon Zest,1,each,no,
vermouth_dry,Gentian Root,0.5,tsp,no,
vermouth_sweet,Alcohol (93%),4,tbsp,yes,93
vermouth_sweet,Purple Grape Juice,3,cups,no,
vermouth_sweet,Sherry Vinegar,0.5,cups,no,
vermouth_sweet,Vanilla Extract,0.25,cups,no,
vermouth_sweet,(Same aromatics as Dry Vermouth),1,each,no,
vodka_river_run,Distilled from Grain in Wisconsin,,,no,
vodka_bacon,Vodka,1,gal,yes,40
vodka_bacon,Bacon (Beck's Smoked),9,pieces,no,
vodka_barrel_aged,Vodka Aged in an Oak Barrel,,,no,
vodka_basil,Ingredients not yet documented in this system,,,no,
vodka_bbq_barrel_aged,Vodka,2,cups,yes,40
vodka_bbq_barrel_aged,BBQ Sauce,0.75,cups,no,
vodka_bergamot,Vodka,750,mL,yes,40
vodka_bergamot,Bergamot Extract,4,mL,no,
vodka_black_currant,Ingredients not yet documented in this system,,,no,
vodka_black_pepper,Vodka,750,mL,yes,40
vodka_black_pepper,Black Pepper (heaping),2,tbsp,no,
vodka_blackberry,Vodka,750,mL,yes,40
vodka_blackberry,Blackberry Flavor Concentrate,1.33,tbsp,no,
vodka_blackberry,Simple Syrup,2,oz,no,
vodka_blackberry,Water,100,mL,no,
vodka_blue_raspberry,Vodka,750,mL,yes,40
vodka_blue_raspberry,Blue Raspberry Extract,3,mL,no,
vodka_blue_raspberry,Simple Syrup,3,tbsp,no,
vodka_blue_raspberry,Blue Food Color,1,drop,no,
vodka_blueberry,Vodka with Natural Flavor,,,no,
vodka_bomb_pop,Ingredients not yet documented in this system,,,no,
vodka_cold_brew_coffee,Ingredients not yet documented in this system,,,no,
vodka_chicken,Ingredients not yet documented in this system,,,no,
vodka_beef,Ingredients not yet documented in this system,,,no,
vodka_cake,Vodka,750,mL,yes,40
vodka_cake,Cake Flavoring,3,oz,no,
vodka_candy_cane,Ingredients not yet documented in this system,,,no,
vodka_candy_corn,Ingredients not yet documented in this system,,,no,
vodka_carolina_reaper,carolina reaper pepper flavored vodka,,,no,
vodka_celery,Ingredients not yet documented in this system,,,no,
vodka_cherry,Vodka,8,gal,yes,40
vodka_cherry,Cherry flavoring (qty uncertain),1,each,no,
vodka_cherry_flavoring,Vodka,750,mL,yes,40
vodka_cherry_flavoring,Cherry (Montmorency) Extract,4,mL,no,
vodka_chili_tepens,Chili Tepins Flavored Vodka,,,no,
vodka_chipotle,Vodka,750,mL,yes,40
vodka_chipotle,Chipotle Peppers,4,each,no,
vodka_chocolate_ghost,chocolate ghost pepper flavored vodka,,,no,
vodka_cilantro,Ingredients not yet documented in this system,,,no,
vodka_cinnamon,Ingredients not yet documented in this system,,,no,
vodka_cinnamon_vanilla,Vodka,1500,mL,yes,40
vodka_cinnamon_vanilla,Cinnamon Sticks,5,each,no,
vodka_cinnamon_vanilla,Vanilla Extract,1,tsp,no,
vodka_cinnamon_vanilla,Vanilla Syrup,1,tbsp,no,
vodka_cranberry,Vodka,1,gal,yes,40
vodka_cranberry,Cranberry Concentrate,5.75,kg,no,
vodka_cucumber,Vodka,8,oz,yes,40
vodka_cucumber,Sugar,1,cups,no,
vodka_cucumber,"Cucumber (peeled, deseeded)",1,each,no,
vodka_cucumber_grapefruit,Ingredients not yet documented in this system,,,no,
vodka_cucumber_mint,Ingredients not yet documented in this system,,,no,
vodka_cucumber_rosemary,Ingredients not yet documented in this system,,,no,
vodka_dill,Vodka with Natural Flavor,,,no,
vodka_garlic,Vodka,1,gal,yes,40
vodka_garlic,Garlic Cloves,22,each,no,
vodka_ghost_pepper_yellow,Ingredients not yet documented in this system,,,no,
vodka_ginger,Vodka,1500,mL,yes,40
vodka_ginger,Shaved Ginger,0.25,cups,no,
vodka_ginger,Sliced Ginger,15,g,no,
vodka_gooseberry,Ingredients not yet documented in this system,,,no,
vodka_graham_cracker,Vodka,750,mL,yes,40
vodka_graham_cracker,Graham Cracker Extract,5,mL,no,
vodka_grape,Vodka,750,mL,yes,40
vodka_grape,Grape Extract,4,mL,no,
vodka_grapefruit,Ingredients not yet documented in this system,,,no,
vodka_habanero,Vodka with Habanero Peppers,,,no,
vodka_hibiscus,Ingredients not yet documented in this system,,,no,
vodka_honey_bourbon,Ingredients not yet documented in this system,,,no,
vodka_horseradish,Ingredients not yet documented in this system,,,no,
vodka_horseradish_honey,Ingredients not yet documented in this system,,,no,
vodka_horseradish_sauce,Ingredients not yet documented in this system,,,no,
vodka_irish_whiskey,Ingredients not yet documented in this system,,,no,
vodka_jalape_o,Vodka with Jalapeño Peppers,,,no,
vodka_jamacan_scotch_bonnet,Ingredients not yet documented in this system,,,no,
vodka_lemon,Vodka,750,mL,yes,40
vodka_lemon,Lemon Extract,4,mL,no,
vodka_mango,Vodka,750,mL,yes,40
vodka_mango,Mango Extract,4,mL,no,
vodka_lime,Ingredients not yet documented in this system,,,no,
vodka_mango_habanero,Habanero Vodka,750,mL,yes,40
vodka_mango_habanero,Mango Extract,4,mL,no,
vodka_mixed_vegetable,Ingredients not yet documented in this system,,,no,
vodka_peach_flavoring,Vodka,750,mL,yes,40
vodka_peach_flavoring,Peach Extract,2.5,mL,no,
vodka_olive,Ingredients not yet documented in this system,,,no,
vodka_onion,Ingredients not yet documented in this system,,,no,
vodka_orange,Ingredients not yet documented in this system,,,no,
vodka_peach,Vodka,1500,mL,yes,40
vodka_peach,"Peaches, cut",12,oz,no,
vodka_peanut_butter_cup,Vodka,2,cups,yes,40
vodka_peanut_butter_cup,Peanut Butter,0.5,cups,no,
vodka_pear,Pear Flavored Vodka,,,no,
vodka_peppermint,Vodka,750,mL,yes,40
vodka_peppermint,Peppermint (NW Candy Cane) Extract,4,mL,no,
vodka_peppermint,Simple Syrup,2,tbsp,no,
vodka_peppermint,Red Food Color,1,drop,no,
vodka_pickle,Ingredients not yet documented in this system,,,no,
vodka_plum,Vodka with Natural Flavor,,,no,
vodka_pomegranate,Ingredients not yet documented in this system,,,no,
vodka_pomegranate_rosemary,Ingredients not yet documented in this system,,,no,
vodka_prickly_pear,Ingredients not yet documented in this system,,,no,
vodka_pumpkin_spice,Vodka,1,gal,yes,40
vodka_pumpkin_spice,Cloves,2.5,tsp,no,
vodka_pumpkin_spice,Allspice,5,tsp,no,
vodka_pumpkin_spice,White Peppercorns,3.75,tsp,no,
vodka_pumpkin_spice,Cinnamon Sticks,20,each,no,
vodka_pumpkin_spice,Whole Nutmeg,5,each,no,
vodka_pumpkin_spice,Fresh Ginger,12.5,inch,no,
vodka_pumpkin_spice,Sugar,12.5,cups,no,
vodka_pumpkin_spice,Water,10,cups,no,
vodka_raspberry,Vodka,750,mL,yes,40
vodka_raspberry,Raspberry Extract,6,mL,no,
vodka_raspberry,Simple Syrup,2,tbsp,no,
vodka_raspberry,Red Food Color,1,drop,no,
vodka_red_currant,Ingredients not yet documented in this system,,,no,
vodka_red_hots,Vodka,750,mL,yes,40
vodka_red_hots,Red Hots Candy,70,g,no,
vodka_red_onion,Ingredients not yet documented in this system,,,no,
vodka_rose,Ingredients not yet documented in this system,,,no,
vodka_rosemary_basil,Ingredients not yet documented in this system,,,no,
vodka_st_johns_wort,Ingredients not yet documented in this system,,,no,
vodka_salted_caramel,Ingredients not yet documented in this system,,,no,
vodka_scotch_bonnet_pepper,scotch bonnet pepper flavored vodka,,,no,
vodka_shrimp,Ingredients not yet documented in this system,,,no,
vodka_skittles_green,Ingredients not yet documented in this system,,,no,
vodka_skittles_orange,Ingredients not yet documented in this system,,,no,
vodka_skittles_pink,Ingredients not yet documented in this system,,,no,
vodka_skittles_red,Ingredients not yet documented in this system,,,no,
vodka_skittles_yellow,Ingredients not yet documented in this system,,,no,
vodka_strawberry_amoretti_flavoring,vodka with natural flavor,,,no,
vodka_strawberry_natural,Strawberries,1,cups,no,
vodka_strawberry_natural,Vodka,1,cups,yes,40
vodka_strawberry_rhubarb,Rhubarb,1,cups,no,
vodka_strawberry_rhubarb,Strawberries,1.5,cups,no,
vodka_strawberry_rhubarb,Vodka,1500,mL,yes,40
vodka_strawberry_rhubarb,Sugar (liqueur variant),1,cups,no,
vodka_sweet_tea,Vodka (93%),1.72,gal,yes,93
vodka_sweet_tea,Water,2.28,gal,no,
vodka_sweet_tea,Simple Sugar,5.25,cups,no,
vodka_sweet_tea,Loose Tea,1,lb,no,
vodka_szechwan_pepper,Ingredients not yet documented in this system,,,no,
vodka_trinidad_scorpion_pepper,Scotch Bonnet Pepper Flavored Vodka,,,no,
vodka_vanilla_bean,Vodka,750,mL,yes,40
vodka_vanilla_bean,Vanilla Extract,4,mL,no,
vodka_vanilla_bean,Fresh Vanilla,2,mL,no,
vodka_vanilla_bean,Simple Syrup,1,tbsp,no,
vodka_watermelon,Ingredients not yet documented in this system,,,no,
vodka_watermelon_mint,Ingredients not yet documented in this system,,,no,
vodka_yellow_scorpion_pepper,Ingredients not yet documented in this system,,,no,
vodka_three_berry,Ingredients not yet documented in this system,,,no,
vodka_nectarine,Ingredients not yet documented in this system,,,no,
vodka_apple,Ingredients not yet documented in this system,,,no,
vodka_blood_orange,Vodka,750,mL,yes,40
vodka_blood_orange,Blood Orange Extract,2,mL,no,
vodka_rhubarb,Ingredients not yet documented in this system,,,no,
vodka_persimmon,Ingredients not yet documented in this system,,,no,
vodka_caribbean_red,Ingredients not yet documented in this system,,,no,
vodka_ghost_pepper,Ingredients not yet documented in this system,,,no,
vodka_thai_chili,Ingredients not yet documented in this system,,,no,
vodka_serrano_pepper,Ingredients not yet documented in this system,,,no,
vodka_cranberry_jalapeno,Ingredients not yet documented in this system,,,no,
whiskey_b_17_bourbon,Ingredients not yet documented in this system,,,no,
whiskey_citywide,Ingredients not yet documented in this system,,,no,
whiskey_corn,Ingredients not yet documented in this system,,,no,
whiskey_malt,Ingredients not yet documented in this system,,,no,
whiskey_moonshine,Ingredients not yet documented in this system,,,no,
whiskey_mustang_moonshine,Ingredients not yet documented in this system,,,no,
whiskey_straight_bourbon,Ingredients not yet documented in this system,,,no,
whiskey_honey_whiskey,Ingredients not yet documented in this system,,,no,
whiskey_maple_whiskey,Ingredients not yet documented in this system,,,no,
whiskey_cinnamon_whiskey,Ingredients not yet documented in this system,,,no,
whiskey_apple_pie_whiskey,Ingredients not yet documented in this system,,,no,
whiskey_habanero_bourbon,Ingredients not yet documented in this system,,,no,
whiskey_brown_sugar_bourbon,Ingredients not yet documented in this system,,,no,
whiskey,Ingredients not yet documented in this system,,,no,
john_daly_scaled,Sweet Tea,48,cups,no,
john_daly_scaled,Lemonade,36,cups,no,
john_daly_scaled,GNS,1129.17,mL,yes,93
swifty_swig,Vodka,10,cups,yes,40
swifty_swig,Simple Syrup,3.33,cups,no,
swifty_swig,Strawberry,0.5,cups,no,
swifty_swig,Lemon Juice,2.25,cups,no,
swifty_swig,Water,63.67,cups,no,
swifty_swig,Salt,0.25,cups,no,
spiced_pear_gin,Gin,1,gal,yes,40
spiced_pear_gin,Pears,53,each,no,
spiced_pear_gin,Ginger,4.9,oz,no,
spiced_pear_gin,Cinnamon Sticks,15,each,no,
spiced_pear_gin,Cloves,0.25,cups,no,
ginger_syrup,Water,2,cups,no,
ginger_syrup,Sugar,2,cups,no,
ginger_syrup,Sliced Ginger,110,g,no,
almond_extract,Almonds,12,oz,no,
almond_extract,"GNS (93%, to top off jar)",500,mL,yes,93
vanilla_extract,Vanilla Beans,7,each,no,
vanilla_extract,"GNS (93%, to top off jar)",500,mL,yes,93
smoked_maple_syrup,Dark Maple Syrup,1,parts,no,
smoked_maple_syrup,Water,1,parts,no,
smoked_maple_syrup,Liquid Smoke,15,drops,no,
maple_whiskey_syrup,Whiskey,1000,mL,yes,40
maple_whiskey_syrup,Rich Amber Maple Syrup,250,mL,no,
maple_whiskey_syrup,Water,250,mL,no,
pine_tip_syrup,Pine Tips (heaping),0.25,cups,no,
pine_tip_syrup,Water,1,cups,no,
pine_tip_syrup,Sugar,1,cups,no,
strawberry_shrub,Strawberry Syrup,1,cups,no,
strawberry_shrub,25-Year Balsamic Vinegar,3,tbsp,no,
peach_simple_syrup,Water,1,cups,no,
peach_simple_syrup,Sugar,1,cups,no,
peach_simple_syrup,Chopped Peaches,1,cups,no,
cardamom_honey_syrup,"Cardamom Pods, crushed",4,each,no,
cardamom_honey_syrup,Honey Syrup,187.5,mL,no,
cinnamon_syrup,Water,1,cups,no,
cinnamon_syrup,Sugar,1,cups,no,
cinnamon_syrup,Cinnamon Sticks,4,each,no,
orange_spice_syrup,Sugar,1,cups,no,
orange_spice_syrup,Water,1,cups,no,
orange_spice_syrup,Orange Spice Tea Bags,4,each,no,
old_fashioned_mix,Butterfly Pea Flower Tea + Gin,1500,mL,yes,40
old_fashioned_mix,Lavender Syrup,1,cups,no,
old_fashioned_mix,Lemon Bitters,100,mL,no,
green_mix,Green Tomatoes,2.5,lb,no,
green_mix,Celery Stalks,2,each,no,
green_mix,Cilantro,1,bunch,no,
green_mix,Water,3,cups,no,
green_mix,"Seasoning (cumin, Worcestershire, celery salt, pepper, hot sauce, lemon juice)",1,to taste,no,
vodka_cake_flavoring,Vodka,750,mL,yes,40
vodka_cake_flavoring,Cake Extract,5,mL,no,
vodka_peanut_butter_cup_flavoring,Vodka,750,mL,yes,40
vodka_peanut_butter_cup_flavoring,PB Cup Extract,5,mL,no,
liqueur_coconut_cream,Dry Whole Milk,160,g,no,
liqueur_coconut_cream,Sugar,195,g,no,
liqueur_coconut_cream,No-Fat Dry Milk,14,g,no,
liqueur_coconut_cream,Sodium Caseinate,30,g,no,
liqueur_coconut_cream,Tri-Sodium Citrate,20,g,no,
liqueur_coconut_cream,Hydration Water,600,mL,no,
liqueur_coconut_cream,40% Alcohol,600,mL,yes,40
liqueur_coconut_cream,Coconut Extract,6,mL,no,
liqueur_banana_cream,Dry Whole Milk,160,g,no,
liqueur_banana_cream,Sugar,195,g,no,
liqueur_banana_cream,No-Fat Dry Milk,14,g,no,
liqueur_banana_cream,Sodium Caseinate,30,g,no,
liqueur_banana_cream,Tri-Sodium Citrate,20,g,no,
liqueur_banana_cream,Hydration Water,600,mL,no,
liqueur_banana_cream,40% Alcohol,600,mL,yes,40
liqueur_banana_cream,Banana Extract,6,mL,no,
liqueur_pineapple_cream,Dry Whole Milk,160,g,no,
liqueur_pineapple_cream,Sugar,195,g,no,
liqueur_pineapple_cream,No-Fat Dry Milk,14,g,no,
liqueur_pineapple_cream,Sodium Caseinate,30,g,no,
liqueur_pineapple_cream,Tri-Sodium Citrate,20,g,no,
liqueur_pineapple_cream,Hydration Water,600,mL,no,
liqueur_pineapple_cream,40% Alcohol,600,mL,yes,40
liqueur_pineapple_cream,Pineapple Extract,7,mL,no,
brandy_crosslake_blackberry,Brandy,750,mL,yes,40
brandy_crosslake_blackberry,Blackberry Flavor Concentrate,1.33,tbsp,no,
brandy_crosslake_blackberry,Simple Syrup,2,oz,no,
brandy_crosslake_blackberry,Water,100,mL,no,
bitters_grapefruit,Alcohol (93%),500,mL,yes,93
bitters_grapefruit,"Grapefruit (peeled, dehydrated)",4,each,no,
bitters_grapefruit,Allspice,1,tbsp,no,
bitters_grapefruit,Cloves,1,tbsp,no,
bitters_grapefruit,Coriander,1,tbsp,no,
bitters_grapefruit,Cardamom,1,tbsp,no,
bitters_lemon,Alcohol (93%),500,mL,yes,93
bitters_lemon,"Lemon (peeled, dehydrated)",4,each,no,
bitters_lemon,Allspice,1,tbsp,no,
bitters_lemon,Cloves,1,tbsp,no,
bitters_lemon,Coriander,1,tbsp,no,
bitters_lemon,Cardamom,1,tbsp,no,
bitters_oak,Alcohol (93%),500,mL,yes,93
bitters_oak,Oak (dehydrated),4,each,no,
bitters_oak,Allspice,1,tbsp,no,
bitters_oak,Cloves,1,tbsp,no,
bitters_oak,Coriander,1,tbsp,no,
bitters_oak,Cardamom,1,tbsp,no,
bitters_rhubarb,Alcohol (93%),500,mL,yes,93
bitters_rhubarb,Rhubarb (dehydrated),4,each,no,
bitters_rhubarb,Allspice,1,tbsp,no,
bitters_rhubarb,Cloves,1,tbsp,no,
bitters_rhubarb,Coriander,1,tbsp,no,
bitters_rhubarb,Cardamom,1,tbsp,no,
bitters_walnut,Alcohol (93%),500,mL,yes,93
bitters_walnut,Walnut (dehydrated),4,each,no,
bitters_walnut,Allspice,1,tbsp,no,
bitters_walnut,Cloves,1,tbsp,no,
bitters_walnut,Coriander,1,tbsp,no,
bitters_walnut,Cardamom,1,tbsp,no,
liqueur_decaf_coffee,Decaf Instant Coffee,12,oz,no,
liqueur_decaf_coffee,Sugar,10,lb,no,
liqueur_decaf_coffee,Vanilla Syrup,0.25,cups,no,
liqueur_decaf_coffee,Hot Water,24,cups,no,
liqueur_decaf_coffee,Alcohol (60%),27,cups,yes,60
